[
  {
    "featureType": "administrative",
    "elementType": "geometry",
    "stylers": [
      {
        "visibility": "off"
      }
    ]
  },
  {
    "featureType": "administrative.country",
    "elementType": "geometry.fill",
    "stylers": [
      {
        "visibility": "simplified"
      }
    ]
  },
  {
    "featureType": "landscape.man_made",
    "elementType": "labels.text",
    "stylers": [
      {
        "color": "#ffeb3b"
      }
    ]
  },
  {
    "featureType": "poi",
    "stylers": [
      {
        "visibility": "off"
      }
    ]
  },
  {
    "featureType": "road",
    "elementType": "labels.icon",
    "stylers": [
      {
        "visibility": "off"
      }
    ]
  },
  {
    "featureType": "transit",
    "stylers": [
      {
        "visibility": "off"
      }
    ]
  }
]